{"charging": true, "current_driver": "DRV001", "current_supply_id": 73, "consumed_kwh": 5.538226050161113, "total_price": 0.4476119983137014}