{"charging": true, "current_driver": "DRV001", "current_supply_id": 101, "consumed_kwh": 8.420658023017303, "total_price": 0.06488633494425014}